,housing_median_age,total_rooms,total_bedrooms,population,households,median_income,median_house_value
housing_median_age,1.0,-0.3590653077631321,-0.3156261366361907,-0.3018280784291221,-0.2977053474087451,-0.12604771297186143,0.1027609396785439
total_rooms,-0.3590653077631321,1.0,0.9297692017676574,0.8619730543335705,0.9146654168010734,0.19414531377858119,0.13272559574958526
total_bedrooms,-0.3156261366361907,0.9297692017676574,1.0,0.8854248251170502,0.9787120701597354,-0.008803293915454789,0.05169929332481873
population,-0.3018280784291221,0.8619730543335705,0.8854248251170502,1.0,0.9147906718744793,0.0015976891765678313,-0.023536637635109436
households,-0.2977053474087451,0.9146654168010734,0.9787120701597354,0.9147906718744793,1.0,0.010344643572349814,0.06851584400686438
median_income,-0.12604771297186143,0.19414531377858119,-0.008803293915454789,0.0015976891765678313,0.010344643572349814,1.0,0.6878229795622443
median_house_value,0.1027609396785439,0.13272559574958526,0.05169929332481873,-0.023536637635109436,0.06851584400686438,0.6878229795622443,1.0
